location,sublocation,,,,,,,
CRMF,MAA-1 WWTP,,,,,,,
CRMF,MAA-2 P&M Track 2,,,,,,,
CRMF,MAA-3 AST Tank#4 Waste Oil,,,,,,,
CRMF,SAA-1 Pump House WWTP 1st Floor,,,,,,,
CRMF,SAA-2 Pipe Shop,,,,,,,
CRMF,SAA-3 Rm 119 Machine Shop,,,,,,,
CRMF,SAA-4 Truck Shop Area,,,,,,,
CRMF,SAA-5 Rubber Tire Room,,,,,,,
CRMF,SAA-6 AST 13 Waste Oil,,,,,,,
CRMF,SAA-7 Locomotive Repair/ Diesel House lower platforms,,,,,,,
CRMF,SAA-8 Locomotive Repair/ Diesel House Upper Secondary Containment,,,,,,,
CRMF,SAA-9 Waste Oil Filters - S&I bay and Wheel Truing,,,,,,,
CRMF,SAA-10 P&M Bays lower platforms,,,,,,,
CRMF,SAA-11 P&M Bays Upper Secondary Containments,,,,,,,
CRMF,SAA-12 S&I Bays lower platforms,,,,,,,
CRMF,SAA-13 S&I Bays Upper Secondary Containments,,,,,,,
CRMF,Other: Materials Storage (Shipping/Receiving),,,,,,,
CRMF,Other: Unused Product Area Preventative Maintenance,,,,,,,
CRMF,Other: Waste Oil Spill Bucket -WWTP Fueling Pad,,,,,,,
CRMF,UNW-Main Storage Area,,,,,,,
CRMF,"UNW - Upper Platforms S&I, PM, (multiple)",,,,,,,
CRMF,UNW-Coach Repair Track 3,,,,,,,
CRMF,UNW-Shipping and Receiving,,,,,,,
CRMF,BioW-MAA,,,,,,,
CRMF,Spill Kits,,,,,,,
Readville Coach,MAA-1 WWTP,,,,,,,
Readville Coach,MAA-2 P&M Track 2,,,,,,,
Readville Coach,MAA-3 AST Tank#4 Waste Oil,,,,,,,
Readville Coach,SAA-1 Pump House WWTP 1st Floor,,,,,,,
Readville Coach,SAA-2 Pipe Shop,,,,,,,
Readville Coach,SAA-3 Rm 119 Machine Shop,,,,,,,
Readville Coach,SAA-4 Truck Shop Area,,,,,,,
Readville Coach,SAA-5 Rubber Tire Room,,,,,,,
Readville Coach,SAA-6 AST 13 Waste Oil,,,,,,,
Readville Coach,SAA-7 Locomotive Repair/ Diesel House lower platforms,,,,,,,
Readville Coach,SAA-8 Locomotive Repair/ Diesel House Upper Secondary Containment,,,,,,,
Readville Coach,SAA-9 Waste Oil Filters - S&I bay and Wheel Truing,,,,,,,
Readville Coach,SAA-10 P&M Bays lower platforms,,,,,,,
Readville Coach,SAA-11 P&M Bays Upper Secondary Containments,,,,,,,
Readville Coach,SAA-12 S&I Bays lower platforms,,,,,,,
Readville Coach,SAA-13 S&I Bays Upper Secondary Containments,,,,,,,
Readville Coach,Other: Materials Storage (Shipping/Receiving),,,,,,,
Readville Coach,Other: Unused Product Area Preventative Maintenance,,,,,,,
Readville Coach,Other: Waste Oil Spill Bucket -WWTP Fueling Pad,,,,,,,
Readville Coach,UNW-Main Storage Area,,,,,,,
Readville Coach,"UNW - Upper Platforms S&I, PM, (multiple)",,,,,,,
Readville Coach,UNW-Coach Repair Track 3,,,,,,,
Readville Coach,UNW-Shipping and Receiving,,,,,,,
Readville Coach,BioW-MAA,,,,,,,
Readville Coach,Spill Kits,,,,,,,
Readville Track & Engineering,MAA-1 WWTP,,,,,,,
Readville Track & Engineering,MAA-2 P&M Track 2,,,,,,,
Readville Track & Engineering,MAA-3 AST Tank#4 Waste Oil,,,,,,,
Readville Track & Engineering,SAA-1 Pump House WWTP 1st Floor,,,,,,,
Readville Track & Engineering,SAA-2 Pipe Shop,,,,,,,
Readville Track & Engineering,SAA-3 Rm 119 Machine Shop,,,,,,,
Readville Track & Engineering,SAA-4 Truck Shop Area,,,,,,,
Readville Track & Engineering,SAA-5 Rubber Tire Room,,,,,,,
Readville Track & Engineering,SAA-6 AST 13 Waste Oil,,,,,,,
Readville Track & Engineering,SAA-7 Locomotive Repair/ Diesel House lower platforms,,,,,,,
Readville Track & Engineering,SAA-8 Locomotive Repair/ Diesel House Upper Secondary Containment,,,,,,,
Readville Track & Engineering,SAA-9 Waste Oil Filters - S&I bay and Wheel Truing,,,,,,,
Readville Track & Engineering,SAA-10 P&M Bays lower platforms,,,,,,,
Readville Track & Engineering,SAA-11 P&M Bays Upper Secondary Containments,,,,,,,
Readville Track & Engineering,SAA-12 S&I Bays lower platforms,,,,,,,
Readville Track & Engineering,SAA-13 S&I Bays Upper Secondary Containments,,,,,,,
Readville Track & Engineering,Other: Materials Storage (Shipping/Receiving),,,,,,,
Readville Track & Engineering,Other: Unused Product Area Preventative Maintenance,,,,,,,
Readville Track & Engineering,Other: Waste Oil Spill Bucket -WWTP Fueling Pad,,,,,,,
Readville Track & Engineering,UNW-Main Storage Area,,,,,,,
Readville Track & Engineering,"UNW - Upper Platforms S&I, PM, (multiple)",,,,,,,
Readville Track & Engineering,UNW-Coach Repair Track 3,,,,,,,
Readville Track & Engineering,UNW-Shipping and Receiving,,,,,,,
Readville Track & Engineering,BioW-MAA,,,,,,,
Readville Track & Engineering,Spill Kits,,,,,,,
